,Song,Artist,Year,Genre,Length,Count,C_month,C_week
0,signal,fear,1991,hip hop,1.5902860257560747,17,17,8
1,road,slippery,2013,hip hop,1.8265421707215683,32,10,0
2,overrated,rate,2012,pop,1.0236252186895358,3,3,1
3,cat,mask,2015,hip hop,1.5339969316539066,26,3,1
4,quiver,strap,2002,pop,1.4013369538455884,29,9,1
5,lowly,chivalrous,2022,folk,0.9182799088205141,192,96,32
6,cagey,towering,2005,rock,1.1255444629105948,22,11,0
7,grip,towering,1992,rock,1.4081421861321255,10,10,10
8,pizzas,pray,1997,rock,1.608855223299218,27,9,3
9,astonishing,pray,2018,rock,0.9673750637780235,3,0,0
10,romantic,arrogant,2009,pop,0.8754054600690562,21,5,5
11,lamentable,arrogant,2012,pop,1.7219508077467887,28,28,14
12,cup,careless,2009,pop,1.0169675846018624,46,23,11
13,count,meeting,2018,pop,1.5200048921749953,14,14,4
14,thankful,tangible,2011,hip hop,1.5333164801840213,5,5,2
15,full,tangible,2004,hip hop,1.5162716675737082,34,0,0
16,chalk,filthy,2022,pop,1.5625882152520885,9,3,0
17,left,filthy,2011,pop,1.1842449170174034,29,9,4
18,salt,filthy,2019,pop,1.0091253587308116,1,0,0
19,worm,filthy,2013,pop,1.255816046645501,48,16,16
20,snore,filthy,1997,pop,1.2367158994472178,17,5,0
21,quirky,filthy,2014,pop,1.3451113210962986,4,4,1
22,flame,filthy,2017,pop,1.188932502723182,19,2,2
23,far,filthy,2022,pop,1.7420265695813575,9,3,1
24,attempt,filthy,2000,pop,1.3277079344947262,13,1,0
25,coat,filthy,2017,pop,1.7441109264102546,24,12,6
26,picture,filthy,2001,pop,1.3829652922097402,31,15,7
27,immense,filthy,1996,pop,0.9200950286028304,25,3,1
28,vase,filthy,2016,pop,1.3177974710016773,32,10,3
29,mellow,filthy,2016,pop,1.222923861259452,15,3,1
30,sparkling,filthy,2006,pop,0.9612371301773515,33,16,8
31,oafish,filthy,2013,pop,1.6135455359838518,21,7,3
32,pail,filthy,2016,pop,1.7129545179256276,19,6,3
33,recondite,filthy,1988,pop,1.192395354388358,3,3,3
34,homeless,coal,1990,hip hop,1.3259799014575755,71,23,11
35,fumbling,coal,2008,hip hop,1.3113993380884263,10,0,0
36,women,coal,2017,hip hop,1.1505123637978778,11,3,1
37,branch,cheerful,1994,pop,1.381425513468717,13,1,1
38,two,cheerful,1989,pop,1.3148142558789044,6,3,1
39,tempt,cheerful,2019,pop,1.6412550035325373,75,75,25
40,redundant,cheerful,1970,pop,1.59740526269414,14,7,7
41,penitent,cheerful,2011,pop,0.9662367481066052,153,76,76
42,wire,cheerful,2011,pop,1.3036490032196004,10,5,1
43,parched,cheerful,1997,pop,1.050809311683275,13,2,0
44,rail,cheerful,2006,pop,1.0700904975295757,7,2,0
45,nut,open,2015,pop,1.207177145526947,8,2,1
46,queen,thick,2021,hip hop,1.0034375408436116,14,7,1
47,carpenter,thick,2002,hip hop,1.4144804623722727,38,38,12
48,dad,thick,1996,hip hop,1.4009713599824893,17,17,5
49,live,thick,2015,hip hop,1.4501657155464605,38,38,0
50,distinct,thick,2017,hip hop,1.2062296558541077,61,20,20
51,improve,thick,1995,hip hop,0.9811485229440713,28,28,5
52,panoramic,thick,2002,hip hop,1.0698309446884826,43,14,4
53,hand,thick,2005,hip hop,1.3655415762258571,17,2,0
54,groan,thick,2004,hip hop,1.3594706637735374,2,1,1
55,toe,thick,2019,hip hop,1.7093131460424638,20,20,5
56,conscious,thick,2014,hip hop,1.3843069995002948,25,25,12
57,obtainable,thick,2010,hip hop,1.35235280362191,57,11,0
58,wet,thick,2008,hip hop,1.0821367848878256,9,4,1
59,continue,thick,2001,hip hop,1.4710175514955126,4,1,0
60,loose,thick,1985,hip hop,1.383953887219729,121,40,13
61,bored,thick,2009,hip hop,1.4448052997766188,2,1,0
62,school,thick,2018,hip hop,1.052110018476009,1,0,0
63,system,thick,2008,hip hop,1.055286357471927,11,5,2
64,trains,pass,1991,pop,1.6411318201778031,11,5,1
65,hard-to-find,pass,2014,pop,1.7985661000107211,3,3,1
66,blot,pass,1984,pop,1.3411125500588978,42,21,7
67,face,march,2015,pop,1.2489666657155358,21,7,1
68,porter,march,1990,pop,1.1514198582527717,173,34,11
69,milky,march,2018,pop,1.2475329903847414,27,27,4
70,exist,march,2010,pop,1.190234358309436,15,5,2
71,friends,march,2018,pop,1.6492520682444742,30,1,0
72,stiff,march,2002,pop,1.3053104987375357,13,1,0
73,fast,march,1999,pop,1.0197365380617986,15,0,0
74,rain,march,2008,pop,1.2245656939310297,14,14,7
75,snails,march,2010,pop,1.0432349009864559,23,23,7
76,side,march,2002,pop,1.8422061764133961,17,8,8
77,include,march,2021,pop,1.5555310674687033,8,2,1
78,envious,clumsy,2023,hip hop,0.885534643931528,36,6,1
79,continue,flimsy,1990,hip hop,1.7615591715660255,8,4,1
80,street,flimsy,2014,hip hop,1.7066784033675813,73,5,1
81,clean,flimsy,2022,hip hop,0.8552126430149564,103,34,34
82,continue,flimsy,2009,hip hop,1.4736687778251456,20,1,0
83,trot,flimsy,2006,hip hop,1.6614974092496815,26,13,1
84,wing,rambunctious,2005,pop,1.4934164337003955,7,2,0
85,curved,rambunctious,2022,pop,0.9811725139433255,46,23,23
86,clever,rambunctious,1997,pop,1.7326470810825876,26,13,4
87,fearful,rambunctious,2009,pop,1.3415377243159878,27,27,27
88,crow,rambunctious,1997,pop,1.116415575885052,6,2,0
89,pet,van,2000,pop,1.5098998392960103,5,2,0
90,lie,van,1997,pop,1.5878916254026885,5,0,0
91,ubiquitous,van,1983,pop,1.3431018400799326,18,6,3
92,tearful,want,1987,pop,1.3588854209130727,32,16,16
93,like,twig,1993,hip hop,1.1571680126839476,32,16,16
94,invent,twig,2009,hip hop,1.039916385830943,8,0,0
95,competition,twig,2015,hip hop,1.7830284056252665,10,10,10
96,tasteful,twig,2000,hip hop,1.2262577764248221,15,15,7
97,pop,twig,2004,hip hop,1.3837933702099399,78,11,11
98,craven,soak,1975,pop,1.7363072795351875,30,30,15
99,cheat,mountain,2002,pop,1.4676212043506074,19,19,6
100,little,mountain,2022,pop,1.5205661156146082,10,5,2
101,dream,mountain,1998,pop,1.1255148932827086,49,24,3
102,stain,mountain,2008,pop,1.4597725504943362,21,3,0
103,chubby,mountain,1993,pop,1.3075667028493485,7,3,3
104,ducks,mountain,1978,pop,1.4784989076329553,23,23,11
105,yam,mountain,1991,pop,1.6450895336609805,11,3,1
106,zany,mountain,2001,pop,1.2591854505458198,29,1,1
107,territory,reproduce,2013,pop,1.5214725975766052,20,10,10
108,calm,brave,2011,hip hop,1.0441542254103344,64,64,64
109,soap,brief,1995,pop,1.5478547037732477,15,0,0
110,horn,brief,2023,pop,1.6713350128027922,13,13,1
111,beef,brief,2004,pop,1.2157098582098127,10,10,1
112,smoggy,brief,1980,pop,1.094906807768998,48,24,24
113,enjoy,brief,2019,pop,1.386604392145503,25,8,4
114,sheep,unite,2010,pop,0.8913658028674044,47,0,0
115,next,unite,1971,pop,1.630929824813641,35,35,5
116,arm,unite,2012,pop,1.0546538093443933,24,8,1
117,doubtful,unite,1977,pop,1.7442061987651742,32,10,3
118,draconian,unite,2000,pop,1.541520753951899,5,5,2
119,sheep,unite,2000,pop,1.2018491198653138,59,3,1
120,historical,unite,2018,pop,1.7152016979483369,19,1,0
121,juicy,unite,2005,pop,1.7451366107184463,33,16,16
122,coherent,unite,2003,pop,1.5473355860493603,79,79,26
123,railway,unite,2018,pop,1.1638187610803454,25,12,4
124,slip,unite,2011,pop,1.043987864561569,74,9,3
125,grate,lazy,1995,hip hop,1.6997449848719297,3,1,0
126,hollow,lazy,2009,hip hop,0.961147817582618,36,12,0
127,answer,eye,2016,hip hop,1.7002631958051029,4,1,0
128,ugliest,swift,2016,rock,1.0721078429313906,16,5,2
129,sleet,scared,1983,pop,1.3417198505226549,10,0,0
130,babies,wrench,1997,hip hop,1.6150060125777999,23,2,2
131,include,wrench,2010,hip hop,1.7238995189464328,14,7,3
132,maniacal,wrench,2002,hip hop,1.173944508296406,9,2,0
133,abusive,wrench,1994,hip hop,1.1177265916310373,8,1,0
134,keen,wrench,2014,hip hop,0.9095841447622206,21,4,4
135,hard-to-find,mate,2006,pop,1.052918869000041,61,20,6
136,protest,coat,1996,pop,1.4254376006245275,11,2,1
137,coordinated,coat,1972,pop,0.8887295133177326,30,15,7
138,town,loutish,2018,pop,1.6027531621803317,33,16,5
139,paint,meaty,2013,pop,1.1017292909460152,34,11,3
140,wrestle,outrageous,2003,pop,2.0415250337940756,23,11,1
141,kiss,challenge,2013,rock,2.6004082294564976,9,9,3
142,dock,trot,2020,pop,2.518362437936304,4,0,0
143,elastic,trot,1970,pop,2.5099801424420343,47,23,11
144,tidy,trot,2004,pop,2.3077616545782047,58,19,19
145,window,discovery,2023,pop,2.466317761974864,14,4,2
146,replace,discovery,1992,pop,2.2679334314804134,16,1,0
147,wave,guttural,2017,hip hop,1.9098814451411645,20,2,2
148,roasted,guttural,2009,hip hop,2.453215890749602,27,3,1
149,preserve,guttural,1997,hip hop,1.9712149285457434,11,11,1
150,important,guttural,2011,hip hop,2.079998389695784,55,55,55
151,natural,guttural,2019,hip hop,2.2677862823369797,20,10,3
152,decorate,guttural,2017,hip hop,2.637208683485622,10,5,5
153,exchange,guttural,1993,hip hop,2.666546111476585,32,5,5
154,valuable,guttural,2010,hip hop,1.8598515179470256,143,143,20
155,injure,guttural,2018,hip hop,1.8896872874549178,28,28,9
156,equable,guttural,2018,hip hop,2.8219705657690977,21,7,2
157,steel,guttural,1998,hip hop,1.978194494126666,14,7,3
158,wail,guttural,2005,hip hop,2.0576591206966115,27,27,27
159,likeable,guttural,2006,hip hop,2.2216725006445053,17,5,1
160,warlike,guttural,2015,hip hop,2.785799754777299,51,17,17
161,lethal,guttural,1994,hip hop,2.6714130589905407,10,3,3
162,same,guttural,2011,hip hop,2.1338400517842047,34,34,11
163,eager,guttural,2018,hip hop,1.9476137962344167,22,11,3
164,dangerous,guttural,1994,hip hop,1.9867689439258878,34,3,0
165,improve,guttural,1998,hip hop,1.9664444573168804,10,5,1
166,rest,guttural,1982,hip hop,2.161989218185358,31,5,2
167,knowing,guttural,1971,hip hop,2.5526166311596543,36,12,4
168,store,guttural,2012,hip hop,2.3891786283542324,27,13,6
169,actually,guttural,2019,hip hop,2.51610611730221,24,8,1
170,smell,guttural,2003,hip hop,2.1130421117461315,13,6,3
171,beam,guttural,1990,hip hop,2.633374198433413,26,13,2
172,ear,guttural,1991,hip hop,1.8951742234149154,27,3,1
173,value,guttural,2019,hip hop,2.8200592245747043,26,26,8
174,spot,guttural,1994,hip hop,2.787575995711107,23,2,0
175,fascinated,puncture,2018,hip hop,2.449013990433043,39,9,1
176,land,puncture,1983,hip hop,2.745423500824381,49,49,24
177,sand,deserted,2017,pop,2.2960256639845946,12,6,0
178,obedient,coordinated,2022,hip hop,1.9589404281073457,16,16,16
179,disgusted,coordinated,2000,hip hop,2.1364623343691873,26,5,1
180,itchy,coordinated,1990,hip hop,2.053402596839467,64,64,32
181,car,far-flung,2002,hip hop,2.663553660702215,19,4,2
182,fasten,abortive,2004,pop,2.04650192264843,16,8,1
183,religion,clap,2000,folk,2.628416644352609,18,6,1
184,unwieldy,reminiscent,2002,pop,1.9756335010141446,28,9,1
185,cloudy,precede,2009,pop,2.6489761090382036,25,12,4
186,cooing,boil,2001,pop,2.7543802861669437,11,5,5
187,misty,boil,2001,pop,2.2393048001451477,13,6,3
188,rely,milky,2015,folk,2.423683412685665,43,2,0
189,orange,milky,2003,folk,1.903735291468211,7,3,0
190,squirrel,milky,1983,folk,2.065767409741681,34,11,11
191,cloudy,five,1992,pop,1.850408943562124,9,4,4
192,sudden,five,2014,pop,2.42772210181204,55,27,27
193,morning,five,2013,pop,1.9024602573502027,34,11,3
194,relation,five,2009,pop,2.714393500793582,21,5,2
195,blink,five,1979,pop,2.588316998730274,10,3,3
196,rare,five,1998,pop,2.2458781973375928,8,1,1
197,system,five,1982,pop,2.1940843813064,7,3,1
198,ski,five,2015,pop,2.6236150086373304,11,3,1
199,tow,fix,1997,pop,2.7433108169440397,158,39,39
200,bolt,damaging,2008,pop,2.5566721124908227,20,20,20
201,pot,damaging,2012,pop,1.8576978048869903,26,13,4
202,handy,damaging,1994,pop,2.0263782990675128,8,4,2
203,oil,low,2006,pop,2.723224708088256,38,19,9
204,squash,low,2012,pop,1.8901604733271515,13,4,2
205,hateful,turn,1993,hip hop,2.8238518220908144,11,5,0
206,soap,turn,2005,hip hop,2.354664550988754,17,17,2
207,greet,turn,2012,hip hop,2.6433774249324316,13,13,0
208,mask,sprout,2016,pop,2.557045004609374,14,2,1
209,reward,poke,1994,pop,2.206232873528344,25,12,4
210,stone,quizzical,2022,pop,2.6717854411016337,29,14,14
211,colour,quizzical,2007,pop,1.961084547850081,24,8,0
212,substantial,unused,2020,pop,2.250190818435366,12,12,0
213,mess up,right,1978,rock,2.296426808377177,35,8,2
214,insurance,right,1996,rock,2.6343123816381477,25,25,8
215,eminent,right,2001,rock,2.1710933278041975,19,4,1
216,clammy,right,2006,rock,1.9774833195577215,14,14,4
217,expand,right,2012,rock,1.9593293196650396,1,1,0
218,lumpy,right,2014,rock,2.5651604426685894,14,14,4
219,mix,right,1987,rock,2.8446982514948953,10,10,3
220,black-and-white,right,2013,rock,2.0730928509075346,8,4,4
221,interesting,right,2001,rock,2.014549256732639,168,84,28
222,charge,right,2005,rock,2.0310755872645525,129,43,43
223,things,right,2012,rock,2.040276108464334,64,3,0
224,striped,right,2010,rock,2.3379899346767727,2,2,0
225,lethal,right,2011,rock,2.341426481264434,141,47,15
226,occur,right,2021,rock,2.3284138385687116,15,5,0
227,board,right,2022,rock,2.6003580648094413,69,69,0
228,wicked,right,2015,rock,2.106145118279314,14,7,1
229,tart,right,1997,rock,2.420231322724306,4,4,1
230,deeply,right,2007,rock,2.223381386548346,28,14,14
231,spill,ring,2014,rock,1.9485037505754041,21,1,0
232,robust,ring,1996,rock,2.849373434327712,13,13,6
233,yam,long-term,1983,pop,2.6594697868708788,17,4,2
234,end,vagabond,2012,pop,2.1775546489686772,31,15,5
235,wholesale,vagabond,1994,pop,2.145277304303047,30,15,5
236,star,vagabond,2020,pop,2.373754940090931,15,5,0
237,earthquake,vagabond,2013,pop,2.5595968010450383,64,9,9
238,true,vagabond,1996,pop,2.3062357105071425,53,17,4
239,squalid,vagabond,2000,pop,2.8088980564334514,7,7,3
240,homely,vagabond,2011,pop,2.46790244607453,159,79,79
241,unfasten,vagabond,2006,pop,2.060960580857116,24,8,2
242,reflect,vagabond,1992,pop,2.2753621983337045,10,3,0
243,suit,vagabond,2006,pop,1.951468763810931,31,31,31
244,small,vagabond,1989,pop,2.8088481070532296,59,59,8
245,guide,vagabond,1999,pop,1.9297286699374987,4,0,0
246,scared,vagabond,2020,pop,2.099381794351632,15,7,2
247,icicle,vagabond,2020,pop,2.5182825076081192,66,33,11
248,purpose,vagabond,2022,pop,2.6753873633031913,28,14,14
249,ask,vagabond,1986,pop,2.7952415383076317,4,1,0
250,plot,vagabond,2005,pop,2.255708777506147,19,6,6
251,teeth,vagabond,2011,pop,2.7968903336251976,2,0,0
252,calculator,overflow,2005,folk,2.5246626993825134,8,1,0
253,likeable,peel,1994,pop,2.645204214890188,26,2,2
254,flagrant,guess,1986,rock,2.032545863917357,27,13,0
255,warm,crash,2005,hip hop,2.4098835233494436,24,2,0
256,achiever,crash,2008,hip hop,2.4202714566286225,28,9,9
257,memory,crash,2007,hip hop,2.1976840489652276,33,33,11
258,wry,pat,2018,blues,2.806169599744711,26,13,13
259,fallacious,motionless,2017,pop,2.749209223482085,16,1,0
260,befitting,occur,2008,pop,1.9627866506128981,17,2,0
261,arrogant,occur,2006,pop,2.691232878613393,13,4,4
262,beg,occur,2018,pop,2.759916668411172,34,11,2
263,income,shut,2005,pop,2.591308805438088,16,8,4
264,rude,shut,2016,pop,2.4453205090915353,27,27,9
265,crawl,shut,2022,pop,2.3545359665231977,1,0,0
266,glass,shut,2007,pop,2.44262340261658,23,3,3
267,earthquake,shut,1997,pop,2.747070220016587,22,3,1
268,aloof,shut,2013,pop,2.1311759232612455,54,54,18
269,border,shut,2010,pop,2.3582803226869746,3,3,3
270,flesh,shut,2010,pop,1.9162518675789686,25,8,2
271,scream,mature,2009,folk,2.4259328629045656,24,3,0
272,plug,mature,2005,folk,2.301336411839733,31,2,1
273,mist,mature,2015,folk,2.1005363338562626,54,27,3
274,grab,mature,2018,folk,2.621819513660712,10,5,1
275,wipe,mature,1992,folk,2.270893799963119,24,1,1
276,sidewalk,mature,2016,folk,1.9993880930072891,13,13,4
277,gaudy,mature,1991,folk,2.5855852877808,11,11,11
278,use,mature,2021,folk,2.7550979024349695,22,11,1
279,mug,girl,2015,hip hop,2.146818427349166,17,8,2
280,legal,girl,2020,hip hop,2.552473903195354,4,2,0
281,dapper,loud,2014,pop,2.5328216701419883,9,0,0
282,glorious,minute,2016,pop,2.3798556305205194,15,15,7
283,numerous,yam,2012,hip hop,2.742026170513866,12,6,0
284,nod,yam,2019,hip hop,2.368636743894403,13,6,0
285,liquid,yam,2001,hip hop,2.201944774095975,59,5,1
286,cure,yam,2006,hip hop,2.7715761664079146,27,9,9
287,thumb,yam,1995,hip hop,2.214792182881638,22,22,11
288,hurry,yam,2006,hip hop,2.1141912000141643,21,21,21
289,melodic,yam,2007,hip hop,1.8806194102286073,27,3,3
290,stem,yam,2006,hip hop,2.649623534552055,30,5,5
291,scratch,hard-to-find,2011,pop,2.190903566510084,43,14,4
292,plane,hard-to-find,2014,pop,1.8737446172170755,20,10,5
293,volatile,hard-to-find,2020,pop,2.5420383125894017,21,21,2
294,plan,hard-to-find,2008,pop,1.948429744981623,23,23,7
295,snow,hard-to-find,2019,pop,2.3305333922200346,41,20,20
296,alluring,hard-to-find,2000,pop,2.540708989428885,18,6,0
297,naive,hard-to-find,2015,pop,2.743294557904195,19,9,9
298,rock,hard-to-find,2022,pop,2.0933221565494633,32,5,1
299,advertisement,hard-to-find,2022,pop,2.397118502632833,7,3,1
300,outstanding,hard-to-find,2011,pop,2.5315373739742033,31,10,10
301,popcorn,hard-to-find,1994,pop,2.7593669747835183,2,1,1
302,volatile,hard-to-find,2015,pop,1.9011642336324441,13,13,4
303,key,hard-to-find,2012,pop,2.1286744499351595,4,4,0
304,succinct,hard-to-find,1999,pop,2.7626901783252675,43,21,21
305,bright,hard-to-find,2014,pop,2.766916486843648,27,13,0
306,act,hard-to-find,2007,pop,2.7807210745052453,21,7,2
307,dock,hard-to-find,1973,pop,2.1276445058764066,3,1,1
308,unaccountable,hard-to-find,2001,pop,2.469198312650566,31,31,15
309,camp,warn,2009,hip hop,2.441969493757558,25,1,0
310,happen,warn,2014,hip hop,1.8996165052795317,5,0,0
311,undesirable,warn,2018,hip hop,2.578778995941836,56,18,6
312,aberrant,warn,2006,hip hop,2.3996349214841697,5,1,0
313,marble,warn,1985,hip hop,2.053030091801137,30,30,10
314,tip,warn,2016,hip hop,2.3706768956205826,64,32,16
315,spot,warn,1974,hip hop,1.8581226933033546,10,3,1
316,listen,warn,2012,hip hop,2.7860869153872767,27,13,1
317,sulky,warn,2013,hip hop,2.149127725739763,31,3,1
318,hill,warn,2002,hip hop,2.238147270765472,68,68,13
319,land,warn,2018,hip hop,2.695339991002344,7,7,7
320,debonair,warn,1993,hip hop,2.0944009315686807,5,5,1
321,macho,warn,2018,hip hop,2.4433612587158176,110,55,27
322,pointless,warn,1995,hip hop,2.5783155986752964,26,8,4
323,cry,warn,2000,hip hop,2.531969529610698,19,19,9
324,burn,warn,1977,hip hop,2.3366645586077537,24,8,4
325,try,warn,2008,hip hop,2.1822512511247467,20,20,0
326,wine,warn,2022,hip hop,2.7291314446479036,9,3,1
327,addicted,discreet,2010,hip hop,2.7456838640013945,44,14,14
328,amusing,discreet,2022,hip hop,2.6369848977347363,9,4,0
329,scientific,discreet,2014,hip hop,2.6376548656515144,42,14,14
330,halting,discreet,2021,hip hop,2.614550814872911,14,4,1
331,tin,discreet,2010,hip hop,2.5554747217898823,7,3,0
332,earth,discreet,2000,hip hop,2.4577784446999544,29,14,2
333,trace,discreet,2011,hip hop,2.022477144019174,27,9,9
334,ship,discreet,2018,hip hop,2.086276656319473,3,3,0
335,aboriginal,soup,2022,rock,2.159250853572508,12,0,0
336,account,soup,1987,rock,2.6572073560722838,88,44,22
337,clear,soup,2019,rock,2.777560499139385,22,11,11
338,cold,soup,1976,rock,2.381037604054234,3,3,0
339,direful,soup,2013,rock,1.877060098540952,22,2,2
340,glistening,soup,1993,rock,2.3575183241472275,26,4,1
341,stereotyped,soup,2010,rock,2.1705703864771797,9,4,0
342,ultra,soup,2020,rock,1.8702434581810263,41,20,0
343,physical,soup,2007,rock,2.5097707830679785,13,4,0
344,learned,soup,2022,rock,2.400917315194896,20,20,6
345,hose,soup,2003,rock,1.8805937415810665,21,7,0
346,female,unique,1978,pop,1.9078532917816047,15,5,0
347,macabre,crush,1986,hip hop,2.7666262036540212,2,0,0
348,adorable,crush,2013,hip hop,2.1407454905381975,31,4,1
349,cold,crush,2004,hip hop,2.3848753946457113,15,5,1
350,profuse,crush,2018,hip hop,2.74349218824329,3,3,0
351,add,crush,2007,hip hop,2.8318949856232623,2,1,0
352,quiver,crush,2008,hip hop,2.2332798706687966,4,2,2
353,protective,crush,2009,hip hop,2.2347540637133347,9,1,0
354,cagey,crush,2010,hip hop,2.6470122597479526,2,0,0
355,cherries,crush,2002,hip hop,1.9834632947916768,34,11,5
356,statuesque,crush,2014,hip hop,2.0194913722389094,23,7,2
357,volatile,crush,2013,hip hop,2.5527854984459806,16,1,0
358,second,crush,2022,hip hop,1.8653665827069743,12,1,1
359,greedy,crush,2016,hip hop,2.8314557344038285,31,10,10
360,gentle,crush,1983,hip hop,2.386769157107768,4,0,0
361,ambiguous,crush,2006,hip hop,2.047565385620331,31,31,10
362,extra-small,crush,2008,hip hop,2.5714653021173657,126,31,31
363,handsome,crush,1990,hip hop,2.2484146721782894,31,31,15
364,offer,crush,1976,hip hop,1.955527704628322,11,3,0
365,cemetery,acid,2003,pop,1.9444907424500042,30,10,2
366,mouth,trashy,2008,hip hop,2.4352683935201593,26,8,0
367,report,trashy,1997,hip hop,2.7436896241850577,169,28,28
368,bumpy,trashy,1999,hip hop,2.0582842506020773,41,20,20
369,thinkable,trashy,2010,hip hop,1.8539274894983313,8,0,0
370,well-made,trashy,1983,hip hop,2.165694166723038,4,0,0
371,week,fearless,2007,hip hop,2.830080217296116,10,1,0
372,holistic,fearless,2019,hip hop,2.6484839984779653,9,3,3
373,driving,fearless,2017,hip hop,2.265871285455023,16,16,2
374,memorize,fearless,2009,hip hop,2.4032354216278256,11,5,5
375,old,fearless,1999,hip hop,1.852976870190885,22,11,3
376,fork,slave,1972,rock,2.5158165178043776,188,26,3
377,correct,slave,2010,rock,1.9948557909410525,1,0,0
378,giant,slave,2004,rock,2.2032985583619724,16,5,1
379,efficacious,slave,2019,rock,1.8824617359669293,22,7,1
380,resonant,slave,2002,rock,2.654809628078902,34,17,5
381,teaching,slave,1979,rock,2.627409505271183,7,0,0
382,resonant,slave,2015,rock,2.052200403178126,13,0,0
383,complete,slave,2017,rock,2.3637905576655367,14,1,0
384,connect,rest,2015,folk,2.7485069838130816,10,5,5
385,soft,rest,2005,folk,1.9863779922135212,65,65,65
386,matter,rest,1996,folk,2.663646261785684,28,28,28
387,knee,rest,2004,folk,2.040163295017135,16,16,16
388,greedy,rest,2023,folk,2.570257241579783,9,3,1
389,influence,rest,1988,folk,2.450371895747094,26,3,1
390,spotty,rest,2018,folk,2.3057577138424508,18,9,4
391,sock,rest,2013,folk,1.927899199287904,18,2,1
392,inexpensive,marvelous,1984,pop,2.3293505940857475,7,7,2
393,weight,marvelous,1984,pop,2.6293210214360028,6,3,1
394,grape,thumb,2006,pop,2.7795829479434913,17,5,5
395,tan,thumb,2020,pop,2.7709682444874555,22,7,2
396,blade,thumb,2006,pop,2.045914579156128,20,2,0
397,married,thumb,2015,pop,2.0399042446980387,25,4,2
398,wanting,thumb,1970,pop,2.7437622639164396,20,10,2
399,pull,thumb,2008,pop,2.4501681998009666,23,23,11
400,smash,thumb,2000,pop,2.441924673726984,22,1,0
401,joke,thumb,1994,pop,2.580902657953357,9,9,4
402,skillful,mind,2016,folk,2.580885372870254,8,8,0
403,playground,skate,1979,pop,2.7662962976507712,14,7,7
404,possess,skate,2011,pop,2.7367814520808356,26,2,1
405,uptight,skate,1994,pop,2.4667337666281304,33,16,16
406,chemical,skate,1989,pop,2.43523784070931,5,2,1
407,smoggy,skate,2018,pop,2.6866762761137077,32,16,8
408,stir,kneel,2013,pop,2.2258713665318397,10,3,0
409,brake,kneel,1997,pop,1.9734259317336784,25,25,12
410,uneven,kneel,2009,pop,2.6973722449271507,49,24,8
411,hissing,kneel,2015,pop,2.228550867560006,3,1,0
412,cushion,kneel,2011,pop,2.5758671612517423,65,65,65
413,legs,kneel,2012,pop,2.723849875978412,17,8,2
414,purring,kneel,1990,pop,2.7461666214394067,15,5,2
415,poised,kneel,2018,pop,2.8477612986346044,29,29,14
416,thinkable,kneel,2006,pop,2.583051407717706,21,3,1
417,birthday,kneel,1970,pop,2.046160167534468,25,8,8
418,imaginary,kneel,2013,pop,1.8705645567595006,13,3,1
419,sky,power,2003,pop,2.423844314822971,10,0,0
420,pipe,imperfect,2022,pop,2.621395957890768,21,21,21
421,reflect,imperfect,1990,pop,2.724145171479713,67,67,67
422,ready,imperfect,1972,pop,2.0336939307715065,7,3,0
423,picayune,imperfect,2019,pop,1.8951566622599643,16,16,5
424,charge,imperfect,2003,pop,2.6620112664100235,45,45,22
425,false,imperfect,2015,pop,2.5556516419805537,63,63,31
426,rest,imperfect,2010,pop,2.472548088444523,3,3,1
427,interest,imperfect,2008,pop,2.721423937451611,26,13,0
428,bizarre,jazzy,2008,pop,1.906242971924982,10,0,0
429,picture,jazzy,2003,pop,2.272138759380802,30,7,7
430,night,jazzy,2009,pop,2.4373664222368543,40,2,1
431,complex,jazzy,2011,pop,2.271532740334859,29,14,0
432,smiling,jazzy,2012,pop,2.105957187664586,1,0,0
433,remind,jazzy,2012,pop,2.828303104716377,5,2,2
434,rice,jazzy,2017,pop,2.688796912412237,20,20,6
435,discover,jazzy,2014,pop,2.3771719179057245,43,10,3
436,event,jazzy,2010,pop,2.6911204181440445,17,1,0
437,sharp,jazzy,2011,pop,1.988380614379175,68,13,1
438,small,jazzy,2012,pop,2.0535592216047482,27,6,2
439,modern,jazzy,2020,pop,2.7970379352558536,6,3,0
440,efficacious,jazzy,2002,pop,2.20078565740632,41,13,6
441,voracious,jazzy,2020,pop,3.9634993151520908,18,1,0
442,smart,jazzy,2005,pop,3.8733905165472593,19,6,3
443,tasteful,jazzy,2007,pop,3.6118596535849514,14,14,7
444,whip,jazzy,2006,pop,3.9271163832140537,13,1,0
445,unlock,jazzy,2023,pop,3.287062665129254,34,34,0
446,futuristic,flower,2006,pop,2.8684650660324116,27,4,4
447,sea,flower,2017,pop,3.510312635159506,17,1,1
448,sign,flower,2004,pop,2.948357975116964,28,7,2
449,one,cushion,2013,rock,3.997595494563563,55,11,11
450,tax,cushion,2011,rock,3.3140550465814465,111,111,55
451,cheese,cushion,2013,rock,3.143440178492471,8,1,1
452,ubiquitous,cushion,2014,rock,3.896014837293296,57,28,14
453,past,cushion,2000,rock,2.9713599870945906,150,150,75
454,dreary,longing,2020,pop,2.885807513528702,19,1,0
455,fear,placid,2005,pop,3.9370047634414447,13,4,1
456,week,placid,2012,pop,3.6578989475508488,33,4,0
457,itch,fowl,2000,pop,3.9548295390436037,9,4,2
458,own,float,2011,rock,3.5586783701881597,66,13,2
459,stain,hanging,1993,folk,3.7685006301301245,29,29,29
460,damage,hanging,1984,folk,3.730716264005648,15,15,5
461,beg,subsequent,1986,rock,3.3093121875634295,95,47,0
462,taste,jam,2002,pop,3.542274090672818,35,7,7
463,sincere,square,1994,pop,3.198537297075427,32,32,16
464,rude,square,1978,pop,3.897969663198487,10,10,10
465,nappy,square,2012,pop,3.5566718070280765,163,10,3
466,vast,feeble,2002,blues,3.574629810405447,71,10,2
467,oval,feeble,2000,blues,3.927246180186119,36,2,2
468,settle,feeble,2015,blues,3.9927346578601517,5,5,2
469,airport,feeble,2004,blues,3.635328021496335,30,10,5
470,dime,feeble,1989,blues,2.940439510086659,65,10,2
471,crow,feeble,2018,blues,3.730823094535868,20,20,10
472,string,feeble,2011,blues,3.9469586234230984,26,8,1
473,stroke,feeble,2001,blues,3.575758249560646,22,7,0
474,toothsome,feeble,2012,blues,3.5913034238773998,12,12,12
475,mountain,feeble,1990,blues,3.8354593445494602,20,10,5
476,rare,feeble,2018,blues,3.2351278222375806,7,7,7
477,instrument,feeble,1989,blues,3.477698365488986,3,3,1
478,circle,feeble,2010,blues,3.0044424593876395,3,0,0
479,rain,feeble,2019,blues,3.667792030232759,21,3,1
480,curvy,feeble,1998,blues,3.844149742596949,29,14,7
481,horses,feeble,2013,blues,2.919446934595781,15,1,0
482,retire,feeble,1997,blues,3.131969959818651,9,4,1
483,automatic,feeble,2007,blues,3.9995053322493512,33,33,33
484,detect,chief,1993,pop,2.98845957723101,2,0,0
485,story,chief,2015,pop,3.467843484850439,12,12,6
486,carve,chief,1974,pop,2.9971817834183567,9,1,1
487,look,chief,1984,pop,2.982657230498877,18,18,3
488,huge,chief,2005,pop,3.5029950837500485,12,0,0
489,pastoral,floor,2020,rock,3.0712310609414697,3,0,0
490,needle,floor,2020,rock,3.9132599332367275,65,65,32
491,meeting,floor,2014,rock,3.1784173542755867,12,4,2
492,condemned,floor,1984,rock,3.83465858161867,9,9,1
493,thread,floor,2000,rock,3.509134853623474,61,5,2
494,develop,floor,2019,rock,2.9570169642106103,38,38,38
495,cattle,floor,2007,rock,3.731044975771585,21,10,0
496,report,floor,1996,rock,3.393608585961349,15,7,0
497,chemical,floor,1971,rock,2.962394891620717,14,1,1
498,meeting,floor,2011,rock,2.9570387229283703,7,0,0
499,five,floor,2013,rock,2.975081152896665,30,2,1
500,increase,floor,2001,rock,3.4628117582695075,10,1,1
501,advice,floor,2007,rock,2.9568314001803864,60,20,0
502,descriptive,floor,2013,rock,3.6379596562598233,124,6,1
503,humdrum,floor,2011,rock,3.674018188010485,32,16,5
504,elfin,floor,1999,rock,3.8895799504598276,30,15,5
505,person,floor,1981,rock,3.123233212940084,11,11,5
506,far-flung,floor,1984,rock,2.9761109292669135,2,0,0
507,sable,wild,2004,pop,3.325193641097972,29,14,14
508,pick,wild,2023,pop,3.303144262973172,88,44,22
509,adaptable,wild,2000,pop,3.9315881868680367,28,28,4
510,found,wild,2019,pop,3.407068607332818,17,17,17
511,jobless,wild,2017,pop,3.4115093332795334,66,9,4
512,bawdy,wild,2009,pop,3.3907134234725587,12,12,2
513,grateful,wild,2017,pop,2.8944049447661033,8,2,1
514,best,wild,2003,pop,3.497422196116209,56,7,1
515,cover,taboo,2009,hip hop,3.456879573099923,45,15,15
516,place,taboo,1999,hip hop,2.8996443281307136,24,1,0
517,measure,taboo,2016,hip hop,4.025452212359859,5,5,1
518,shiver,taboo,1990,hip hop,3.318339538922159,9,3,1
519,damaging,taboo,1978,hip hop,3.5930061973782066,7,7,7
520,foamy,sense,1986,rock,3.5962607024703317,6,1,0
521,rampant,able,1997,pop,3.0338410178421236,4,4,4
522,cut,able,2009,pop,3.910767171231792,13,4,0
523,muddled,able,2022,pop,3.5344714806694637,2,0,0
524,sick,able,2001,pop,2.965794242191175,8,4,4
525,shrill,able,2002,pop,3.944990711959634,33,11,3
526,exultant,able,1978,pop,3.8739198037680866,24,24,12
527,ignorant,able,1989,pop,3.4102616214758434,6,1,0
528,gaudy,able,2009,pop,2.9951506907820544,14,4,2
529,jolly,able,2013,pop,3.4263888502931827,20,2,2
530,open,able,2001,pop,3.6786078001666636,16,16,8
531,second,able,2002,pop,3.467763758075597,9,9,3
532,exchange,able,1992,pop,3.588631680465004,8,8,2
533,air,able,1974,pop,3.6372676372583412,6,6,0
534,spurious,able,2019,pop,3.5705547581069106,63,21,4
535,fuel,able,2006,pop,2.9093408666683467,23,11,5
536,sort,able,1986,pop,3.7533654881895155,14,7,1
537,kneel,able,2006,pop,4.003577398435337,53,53,26
538,cloudy,able,2003,pop,3.7715858107778883,7,3,3
539,vast,railway,2016,pop,2.918901602319794,30,15,3
540,gaze,railway,2012,pop,2.893689947857777,28,14,7
541,dreary,railway,2004,pop,2.948736957360731,7,7,2
542,quirky,railway,1991,pop,3.085409277436009,25,4,0
543,twig,railway,2019,pop,3.5331675134834244,32,32,32
544,train,bustling,2022,pop,2.8824893993950225,21,3,1
545,last,suppose,1999,hip hop,3.855455066234148,34,4,4
546,view,suppose,2020,hip hop,2.9195116745786813,10,3,3
547,plug,suppose,2012,hip hop,3.3587495685526947,21,10,10
548,piquant,slow,2015,hip hop,3.938410978069483,26,5,0
549,corn,slow,1997,hip hop,3.2379263982492854,30,2,0
550,youthful,slow,2009,hip hop,3.0416039677360662,8,4,2
551,eggs,slow,1974,hip hop,3.4770894791262976,63,63,21
552,quarrelsome,slow,2001,hip hop,3.489954630186174,9,4,2
553,snails,edge,2017,pop,3.965977368889172,5,1,1
554,mature,kindhearted,2016,pop,2.955219161283832,8,2,1
555,flawless,kindhearted,2017,pop,3.0175880991070283,24,6,3
556,aromatic,kindhearted,2010,pop,3.161807902148173,51,2,1
557,manage,kindhearted,2007,pop,3.051899607215159,20,20,2
558,snatch,kindhearted,2016,pop,3.77595428282594,195,65,32
559,nappy,kindhearted,2002,pop,4.016292043107135,30,15,3
560,geese,kindhearted,2022,pop,3.6406630544709015,129,43,43
561,rabbits,kindhearted,2006,pop,3.548918847438311,14,14,7
562,range,kindhearted,2010,pop,3.124824747462475,30,15,15
563,long-term,kindhearted,2021,pop,3.45891871883308,13,4,1
564,try,kindhearted,2013,pop,3.147741571696442,22,4,2
565,stop,nice,1981,rock,3.3275109616221807,53,17,17
566,maniacal,nice,2013,rock,3.904623510130774,16,16,8
567,bedroom,nice,2003,rock,4.004578282191047,14,1,0
568,reaction,nonstop,2008,pop,3.0320332725937873,18,18,6
569,arrogant,frantic,2012,pop,3.3228394126775953,1,0,0
570,disillusioned,maid,2015,rock,3.2121151101675687,5,2,1
571,ragged,maid,2012,rock,3.0199429319590876,20,10,10
572,quiver,maid,1999,rock,3.604521232347071,31,15,5
573,attack,maid,1995,rock,3.4941728157431218,11,11,5
574,scream,maid,2006,rock,3.5444729654545997,18,9,3
575,rabid,maid,2009,rock,3.1983195393145243,44,44,22
576,medical,maid,2018,rock,3.0772706196053514,48,3,0
577,keen,maid,2015,rock,3.4818925331670947,20,6,3
578,government,flowery,2015,pop,3.2655497049148,13,4,1
579,festive,high,2002,pop,3.9566385803013078,29,14,14
580,elated,plucky,1979,pop,3.667039707959383,22,11,3
581,valuable,plucky,2006,pop,3.7303994673914187,10,5,0
582,large,plucky,2013,pop,3.900116170850202,16,8,1
583,parallel,plucky,2015,pop,3.061148595799541,12,4,1
584,faithful,plucky,1997,pop,3.0241967052582983,34,4,0
585,route,plucky,2018,pop,3.892233767902033,14,0,0
586,present,plucky,2010,pop,3.5975700975897045,17,5,1
587,pipe,plucky,2015,pop,3.2830451767630646,8,8,2
588,shiny,plucky,2019,pop,3.1933888462528137,28,9,3
589,lighten,plucky,1994,pop,2.865643528698332,123,41,10
590,pastoral,plucky,2007,pop,3.0004063935633436,5,5,5
591,messy,trick,2020,pop,4.004672414546513,12,2,1
592,innocent,scold,2004,pop,3.69706471995761,19,19,6
593,military,exclusive,2004,pop,2.8732445895678502,16,0,0
594,bake,plant,2016,pop,3.61967300756961,28,5,5
595,thick,marble,2004,pop,3.5461096015298135,18,6,2
596,outstanding,marble,2000,pop,3.718845951143064,19,9,1
597,pedal,gainful,1991,hip hop,3.700260959761734,6,2,0
598,cuddly,gainful,2005,hip hop,2.8907423685790743,4,0,0
599,scatter,gainful,2007,hip hop,3.693767772110954,28,9,3
600,inject,gullible,2007,hip hop,3.4842047077447726,16,2,1
601,stick,crib,2003,pop,3.8308317579034283,10,3,1
602,travel,crib,1971,pop,3.695921303399425,59,59,8
603,heartbreaking,crib,2008,pop,3.760396345337821,28,7,3
604,owe,crib,2011,pop,3.4059609797527477,54,9,9
605,meal,crib,1980,pop,3.718645501794311,8,0,0
606,fire,crib,2016,pop,3.178212647433746,10,1,0
607,dead,crib,2006,pop,3.9313831306325353,18,9,3
608,insect,crib,1988,pop,3.6207265819509873,32,32,4
609,tent,flat,1989,hip hop,3.1745544985304073,23,5,1
610,transport,branch,2005,pop,3.751965019530288,67,67,67
611,frail,branch,2020,pop,3.149028755717912,10,10,5
612,way,branch,2005,pop,3.1292220232055623,28,3,0
613,metal,branch,2021,pop,3.4849788954219743,10,10,3
614,hose,branch,2021,pop,3.42953236943934,36,18,18
615,carriage,branch,2021,pop,3.7257129319339906,33,16,2
616,ray,branch,2014,pop,3.4157444538378243,14,2,0
617,party,branch,1972,pop,3.124845724017492,31,15,15
618,playground,branch,2009,pop,3.4324713321376996,26,26,8
619,juicy,branch,2012,pop,2.919149529920487,11,3,1
620,numberless,branch,1980,pop,3.0493050251962983,19,9,3
621,exchange,spotted,2018,pop,3.886169887326973,29,14,3
622,confused,spotted,1984,pop,3.9120553144669197,18,1,0
623,wax,spotted,2001,pop,3.8010102426034265,27,13,13
624,worried,spotted,1994,pop,3.5100679992147246,9,4,2
625,loaf,spotted,2018,pop,3.8661067166878507,5,2,0
626,cover,writer,1976,hip hop,3.989254952680925,17,8,8
627,boundary,skin,2001,pop,2.9196624925131545,19,9,3
628,general,tickle,2002,pop,3.490956857891357,10,3,1
629,groovy,pet,2009,hip hop,3.8291630734910926,10,5,5
630,wink,interfere,2012,hip hop,3.807783338035493,11,11,2
631,disgusted,interfere,2014,hip hop,3.5044785588672065,154,154,51
632,juvenile,horn,2016,hip hop,3.222257960171048,11,1,0
633,known,horn,1974,hip hop,3.7751779980145415,9,9,9
634,scare,horn,2010,hip hop,3.368618888799148,11,3,1
635,rude,horn,1998,hip hop,3.0224082153004246,32,4,2
636,venomous,horn,2019,hip hop,3.8907147720970916,15,5,0
637,son,horn,1990,hip hop,3.4399407125876476,20,3,3
638,taboo,horn,2013,hip hop,3.571338530366893,14,7,2
639,shave,horn,1999,hip hop,3.8738870415365168,59,29,14
640,balance,dusty,2005,folk,4.014581214491496,61,61,0
641,ruin,ashamed,2007,hip hop,3.8162331879339804,1,0,0
642,annoyed,periodic,2012,pop,3.719965218780509,21,1,1
643,quiet,willing,2007,folk,3.577692007427772,34,2,0
644,low,combative,1997,rock,3.224385140606513,5,5,1
645,gullible,possessive,2021,pop,3.340181208112243,19,1,0
646,belligerent,possessive,2000,pop,3.4557640355945844,7,0,0
647,mask,possessive,2012,pop,3.50499836775181,32,10,10
648,fluffy,possessive,2009,pop,3.0944205842893826,27,1,0
649,yummy,possessive,2018,pop,2.8522681882033747,19,9,9
650,thing,possessive,2022,pop,3.8040928118108983,13,4,2
651,stage,possessive,2008,pop,3.5436279933113677,153,10,5
652,fast,possessive,2011,pop,3.122360501993477,31,15,5
653,handsomely,evasive,2015,rock,3.8598270561255763,2,2,2
654,pig,collar,2016,pop,3.1648077959627146,198,24,24
655,car,collar,2006,pop,3.605592996711281,56,18,6
656,fairies,collar,2005,pop,3.1846548457719903,28,2,0
657,guttural,collar,2021,pop,4.046311480660899,31,31,0
658,committee,collar,2015,pop,3.2085496632486215,32,32,32
659,unusual,collar,1996,pop,3.253860343106717,8,2,0
660,part,collar,2011,pop,3.452018545858792,39,3,1
661,jazzy,collar,2015,pop,2.968685826423589,28,14,14
662,wrestle,collar,1980,pop,2.8797992771349,27,13,1
663,panicky,collar,2003,pop,3.0353709733855374,14,14,14
664,divergent,collar,1991,pop,3.8119443858812705,56,18,18
665,absurd,frightening,2010,pop,3.5596986966267337,2,1,0
666,rambunctious,frightening,1973,pop,3.9480149235079667,1,0,0
667,order,frightening,1976,pop,3.9526064429823,140,140,23
668,yard,frightening,2014,pop,3.648903112948082,13,4,4
669,ignorant,frightening,1993,pop,3.004985482175933,14,14,0
670,dry,frightening,2001,pop,3.9685290341353947,15,15,2
671,reduce,frightening,2020,pop,3.9690287603924754,25,0,0
672,protest,frightening,1992,pop,3.111573335660458,24,24,12
673,tap,frightening,1978,pop,3.0632953894784265,15,5,5
674,governor,frightening,2008,pop,3.4088290953032625,1,0,0
675,pine,frightening,2004,pop,3.2543483587669395,10,3,0
676,berserk,frightening,1978,pop,3.0860917210993493,6,3,0
677,hover,frightening,1999,pop,3.4668101100265187,98,49,49
678,fragile,frightening,2020,pop,3.380526512883764,23,7,7
679,fuel,frightening,2017,pop,3.162303534234624,14,4,1
680,guarded,frightening,2018,pop,3.892614643091665,23,7,2
681,door,frightening,2017,pop,3.3255941196197214,30,10,0
682,great,frightening,2013,pop,3.277557030878969,38,12,0
683,weather,lacking,1992,pop,3.6078284570393206,30,15,5
684,love,lacking,2015,pop,3.0385806897736574,26,5,1
685,push,lacking,2019,pop,2.919927805807113,16,16,2
686,view,lacking,1990,pop,3.617080430682391,26,8,4
687,distance,lacking,1992,pop,3.3820101734567793,11,5,5
688,launch,lacking,2018,pop,3.094401405704659,21,21,21
689,texture,lacking,2014,pop,2.897619340357659,7,1,0
690,tacky,lacking,2018,pop,3.1189674719857146,32,10,3
691,cheap,lacking,1972,pop,3.7060587253038157,25,25,12
692,faulty,lacking,2013,pop,3.8961880619830183,30,15,15
693,spoon,lacking,2004,pop,3.647192259669695,28,28,9
694,hallowed,lacking,2017,pop,3.05767975280937,3,0,0
695,encourage,lacking,2014,pop,3.617561221361183,8,2,1
696,hook,lacking,1990,pop,3.9635018096844936,27,9,4
697,grubby,lacking,2005,pop,3.513655597330219,6,3,3
698,enchanting,lacking,2007,pop,2.901359055957711,5,1,0
699,spell,lacking,1984,pop,3.1682864148766554,6,1,1
700,brawny,lacking,1987,pop,3.8187270501360064,10,0,0
701,dogs,protective,2003,pop,3.7001400914435942,10,2,2
702,burly,cactus,1997,pop,3.029373416495072,43,43,14
703,bikes,cactus,1978,pop,3.855655605576784,25,8,4
704,statuesque,cactus,2010,pop,3.8683426422442997,11,2,2
705,left,trap,2022,pop,3.335521842017249,14,4,2
706,sparkle,tomatoes,2001,pop,2.969879066051727,20,2,0
707,faithful,tomatoes,2022,pop,3.951346764010103,23,4,0
708,gleaming,tomatoes,2020,pop,3.013785516320764,1,0,0
709,dolls,tomatoes,2020,pop,3.4032828313127155,28,4,2
710,fix,tomatoes,2011,pop,3.7084593120209233,85,14,7
711,silk,apathetic,2022,folk,3.187634144634105,8,1,1
712,concentrate,apathetic,2009,folk,3.349408144168458,55,4,0
713,trousers,injure,2019,pop,3.6861859368133674,21,7,7
714,needless,two,1987,pop,3.5420431226562368,31,1,0
715,table,nauseating,2001,pop,3.4803996057072277,24,1,0
716,crown,nauseating,2013,pop,3.152422178931147,47,11,5
717,graceful,nauseating,1978,pop,2.9886448364854203,14,1,1
718,draconian,nauseating,2013,pop,3.8937859530388446,29,9,9
719,fail,nauseating,2018,pop,3.8821130393182175,54,54,27
720,diligent,succinct,2009,pop,3.8629113945388616,45,22,22
721,spark,settle,2014,pop,3.3584714786061935,8,0,0
722,tank,settle,1977,pop,2.879936155780626,9,1,0
723,ahead,settle,2003,pop,3.3649570175254584,23,7,2
724,ski,divergent,1980,folk,2.98383189366839,45,45,45
725,settle,divergent,1972,folk,3.7562501735904523,28,0,0
726,can,divergent,1992,folk,3.13528777434066,25,5,0
727,salty,divergent,1991,folk,3.3827335898780024,8,0,0
728,glamorous,divergent,2000,folk,4.025330458393981,161,14,2
729,satisfying,divergent,2004,folk,3.7168457220650315,24,4,1
730,large,divergent,2010,folk,3.5585953058774065,32,10,10
731,smash,divergent,1982,folk,3.2132769177527427,8,2,2
732,planes,colorful,1992,pop,3.978103627993247,34,4,2
733,ahead,license,2018,pop,3.2831090245815386,5,1,0
734,kettle,license,2020,pop,3.895990421866992,3,1,0
735,fluffy,license,2007,pop,3.476249888323053,5,0,0
736,shame,license,1981,pop,2.9638499224445733,22,22,22
737,amused,license,2011,pop,2.91934639544544,13,13,13
738,stomach,license,2015,pop,3.4853129490652024,68,68,34
739,uttermost,license,2011,pop,3.987946126730782,12,4,2
740,whirl,license,2000,pop,3.4692720153083734,16,16,8
741,fireman,license,2016,pop,3.114320194387354,13,4,2
742,borrow,license,2001,pop,3.4533739110614237,16,8,8
743,instruct,license,2020,pop,3.8522460437243566,34,34,17
744,last,dead,2002,hip hop,3.633493995017301,11,1,1
745,eggnog,dead,2005,hip hop,3.605706011916307,26,3,1
746,unfasten,dead,2017,hip hop,3.349891414716294,20,6,3
747,penitent,dead,2019,hip hop,2.8798641068226316,18,1,0
748,evanescent,dead,1989,hip hop,3.4472692054053278,42,42,6
749,breath,dead,2000,hip hop,3.4080082822768443,19,6,2
750,wash,dead,2001,hip hop,3.947866957419451,4,0,0
751,son,dead,2002,hip hop,3.869687119599629,3,3,1
752,blue-eyed,dead,2007,hip hop,2.9935863817361317,15,5,2
753,thin,dead,2014,hip hop,3.0888711045448267,3,0,0
754,left,dead,2004,hip hop,3.060299971906795,13,6,2
755,smile,dead,1996,hip hop,3.98987829783508,34,17,17
756,dynamic,dead,2004,hip hop,3.3899085391684904,119,59,29
757,puffy,dead,1980,hip hop,3.810225958556499,12,6,2
758,wicked,dead,2008,hip hop,3.0009896345933598,7,2,1
759,structure,dead,2009,hip hop,3.6083362813853372,38,12,4
760,meat,dead,2018,hip hop,3.107156702470379,33,16,5
761,selfish,dead,2008,hip hop,4.048570800588433,18,18,18
762,aggressive,dead,1996,hip hop,3.3051143960293077,20,6,6
763,flowery,dead,2005,hip hop,3.370172590835002,20,6,1
764,remarkable,dead,2008,hip hop,3.8656422336915055,64,10,1
765,moan,dead,2011,hip hop,3.8648232362874206,20,10,10
766,classy,dead,2002,hip hop,3.98021997306119,14,2,2
767,paddle,dead,2011,hip hop,3.2174767375816735,41,2,0
768,magic,dead,1980,hip hop,3.7291741940357155,17,17,2
769,low,dead,2001,hip hop,3.6041651051735677,23,3,3
770,pedal,dead,1997,hip hop,3.1373181421988545,7,2,0
771,daughter,dead,2010,hip hop,3.9763635838178013,19,6,3
772,current,squirrel,2011,pop,3.2605002211941247,17,8,8
773,country,squirrel,2008,pop,3.870767052624749,12,6,2
774,anger,squirrel,2000,pop,3.0844685934062053,23,1,0
775,squirrel,squirrel,1992,pop,3.6083022134160783,27,13,6
776,faithful,squirrel,2014,pop,3.585288445157037,12,6,3
777,physical,squirrel,2018,pop,3.353390594286689,62,8,2
778,umbrella,squirrel,1984,pop,2.8695763881365233,16,8,8
779,fantastic,squirrel,2010,pop,3.711389653706357,8,1,0
780,thick,squirrel,2006,pop,3.5523003916556273,12,6,2
781,sore,squirrel,1988,pop,3.1956401274575246,1,1,0
782,pancake,squirrel,1986,pop,4.028078588390095,62,20,6
783,spy,squirrel,2001,pop,3.2023578386503355,9,9,0
784,suspect,squirrel,2001,pop,4.046916402039868,40,2,1
785,excellent,squirrel,2003,pop,3.954864356168523,11,5,5
786,reproduce,squirrel,2018,pop,3.036747887905096,142,71,35
787,vessel,squirrel,2007,pop,3.063703282801677,48,16,16
788,cure,squirrel,2016,pop,3.1384854023499376,12,12,3
789,play,squirrel,2014,pop,3.1901217702923117,23,11,11
790,narrow,drunk,2011,hip hop,3.483772404563528,18,6,6
791,mammoth,accurate,2010,hip hop,3.427892015101804,23,7,1
792,holistic,accurate,2016,hip hop,2.8807043396746925,19,1,0
793,automatic,accurate,2015,hip hop,4.016306394673669,30,7,3
794,acid,accurate,2020,hip hop,3.7010476580666682,17,17,5
795,snotty,accurate,1994,hip hop,2.941305958495499,26,26,8
796,distance,accurate,2001,hip hop,2.903832982992598,129,129,43
797,glistening,accurate,2017,hip hop,2.8925526154825807,37,18,0
798,staking,accurate,2002,hip hop,3.537522822900765,51,51,17
799,retire,accurate,2021,hip hop,3.7421108763387414,8,1,0
800,tight,accurate,1980,hip hop,3.7235692183119142,16,5,0
801,pan,accurate,2004,hip hop,3.0131325618314206,22,4,4
802,preserve,impulse,2023,pop,3.1361632922209064,6,3,0
803,material,command,2012,rock,3.1415324601613217,5,5,2
804,quaint,command,1996,rock,3.798351115649591,24,12,12
805,science,command,2003,rock,3.852819619473296,2,0,0
806,gun,command,1986,rock,3.638410005808911,2,0,0
807,bizarre,command,2005,rock,3.0922076463252206,15,7,7
808,amuck,command,1979,rock,2.951642238017354,13,6,3
809,stick,command,1986,rock,3.4727108510748437,24,8,2
810,snails,command,1990,rock,3.743883470278962,31,10,10
811,coal,command,2012,rock,3.7028214660579906,34,8,0
812,zinc,command,2019,rock,3.2403182155701504,15,7,2
813,frame,command,1993,rock,3.46224474346938,17,1,0
814,smile,coach,2015,hip hop,3.7669329952352504,3,1,0
815,gamy,inform,2014,pop,2.9560400066614734,21,7,3
816,unlock,inform,1993,pop,3.8116369249973014,11,1,1
817,short,system,2001,pop,3.295399704693386,23,11,11
818,alcoholic,arithmetic,2006,hip hop,3.6805587025649675,29,9,3
819,feigned,suspend,2016,folk,3.9910601927505445,106,7,1
820,ocean,dress,2014,pop,3.8883525301055446,35,11,11
821,admit,dress,2004,pop,3.03619944240281,5,0,0
822,apathetic,dress,2004,pop,2.9902540110527798,20,2,0
823,mountain,dress,2012,pop,3.674086111007015,27,13,6
824,various,dress,1987,pop,3.853725946108263,66,66,22
825,school,load,2019,pop,3.7522839603769964,1,0,0
826,porter,load,2018,pop,3.733937649609647,30,30,30
827,scratch,load,2012,pop,3.4788644876211876,33,11,5
828,dreary,load,2007,pop,3.7614099046400353,40,13,6
829,curvy,load,2006,pop,2.970914675871056,27,2,0
830,divide,load,2012,pop,2.951895509797145,25,8,8
831,pricey,load,2019,pop,2.939910169090998,29,29,29
832,pedal,load,1993,pop,3.7383494781491065,50,7,2
833,irritate,load,2003,pop,3.4457875048524214,20,2,2
834,silly,load,2009,pop,3.3799991372363487,12,1,0
835,embarrassed,load,2019,pop,3.631605123247192,1,0,0
836,scold,load,2006,pop,2.9161333897078845,12,3,3
837,curl,load,1974,pop,3.1519018183444687,13,6,0
838,black,load,2014,pop,3.742621781383517,17,1,0
839,direful,load,2016,pop,3.2825338631080556,12,1,0
840,clear,load,2007,pop,3.054769380856966,54,3,3
841,sad,load,2014,pop,3.2381020696106697,29,3,3
842,close,load,1997,pop,3.711211476671415,1,1,0
843,female,tense,1986,pop,3.8394138457515243,131,21,10
844,keen,tense,1994,pop,3.0689091188215087,33,11,2
845,careful,tense,2014,pop,3.4980037660303727,4,2,0
846,slippery,tense,1993,pop,3.0502688797198214,6,3,1
847,long,tense,2013,pop,3.4531078307757643,30,15,3
848,stitch,end,2000,rock,3.2048402048415734,3,1,0
849,heady,wealthy,2009,rock,2.8705695305572716,33,11,3
850,majestic,wealthy,1998,rock,3.7046462472898156,63,21,5
851,wrist,hospital,2016,pop,3.7853755378931706,28,2,2
852,window,raspy,1982,pop,3.6401237452280797,28,14,14
853,repulsive,raspy,2018,pop,3.5968504123084637,18,2,0
854,moldy,raspy,2002,pop,2.8956748383964523,29,2,1
855,search,boiling,1991,pop,3.1832080288206313,34,34,34
856,royal,quiet,2000,pop,3.241474396765821,28,7,7
857,tease,excuse,2004,pop,3.852591035924582,65,16,16
858,coast,excuse,2000,pop,3.6419409236234532,31,31,0
859,arch,excuse,1991,pop,3.886631237160046,41,13,1
860,resonant,excuse,1983,pop,2.990930315301295,6,2,0
861,pot,excuse,1982,pop,3.8952644104797214,24,4,1
862,lumber,excuse,2009,pop,3.7408440633151283,23,1,0
863,place,excuse,1994,pop,3.1373514499217845,8,1,0
864,well-groomed,excuse,2017,pop,3.946557232669897,18,6,2
865,cows,tremble,2019,hip hop,3.6992536476805657,13,6,0
866,well-made,electric,2004,pop,3.0349400816448138,20,0,0
867,spotted,electric,1978,pop,3.1214148449220835,22,11,3
868,place,electric,2012,pop,3.5837714107007947,16,8,4
869,plastic,electric,2002,pop,2.944775730711802,19,9,0
870,avoid,electric,2020,pop,3.6598821649141082,47,47,15
871,clumsy,electric,2020,pop,3.819039455417761,29,3,3
872,thread,electric,2000,pop,4.043056528089251,5,5,5
873,learn,electric,2004,pop,3.1060564550225873,11,11,11
874,royal,electric,2020,pop,2.898872020690901,7,2,0
875,tiny,electric,2021,pop,3.5341009414065443,29,5,1
876,well-made,electric,2019,pop,3.678829138503896,27,9,1
877,sable,view,2023,hip hop,3.6043293144632287,14,4,4
878,grotesque,view,2008,hip hop,3.004671412794933,20,10,5
879,untidy,interest,1999,pop,2.9439705373518397,23,23,23
880,ring,interest,2006,pop,3.997922990653864,10,3,0
881,achiever,interest,2022,pop,4.042423019123244,175,43,43
882,gaudy,interest,2002,pop,3.2700605976238055,11,1,0
883,staking,interest,1986,pop,3.2863346390722765,31,31,31
884,enjoy,interest,2006,pop,3.300810158326474,32,10,3
885,defiant,interest,1990,pop,3.3635010741380778,14,14,7
886,elated,interest,2019,pop,3.356903181611246,57,57,57
887,well-off,dramatic,2015,pop,3.390388360194941,24,12,0
888,greedy,dramatic,2012,pop,3.5188567902647705,17,5,2
889,unite,dramatic,2018,pop,3.025062147889818,9,3,1
890,overt,rainstorm,2009,folk,3.6854427889898544,17,17,8
891,rule,rainstorm,1993,folk,3.3791023675278544,1,1,0
892,afraid,stroke,2006,pop,3.2739352850838257,34,11,11
893,evasive,peck,2003,pop,4.039984045861906,8,4,2
894,scrub,hypnotic,2012,pop,3.6631770560557206,11,11,5
895,hysterical,hypnotic,2019,pop,3.1699511184305806,15,1,1
896,rain,hypnotic,2017,pop,3.852423366578266,12,4,0
897,truthful,hypnotic,1993,pop,2.874285752738448,21,4,2
898,responsible,hypnotic,2000,pop,3.5920815290342203,22,11,5
899,receptive,hypnotic,2002,pop,2.9742452739332643,18,4,1
900,volcano,hypnotic,1997,pop,3.6666088948272644,26,6,0
901,fine,hypnotic,1980,pop,3.6839125813409743,18,4,2
902,deceive,hypnotic,2018,pop,3.7735373170004802,13,4,2
903,blue,hypnotic,2022,pop,3.0601930744351753,9,1,0
904,marry,hypnotic,2017,pop,3.0201585662062325,18,9,1
905,bottle,energetic,2002,folk,3.2414424802752873,149,149,149
906,crown,energetic,2015,folk,3.3396489766963477,29,1,0
907,gun,energetic,2002,folk,6.175543110389107,61,61,30
908,momentous,energetic,2013,folk,5.159448159868387,5,1,0
909,stocking,energetic,2013,folk,4.777659829024939,13,6,6
910,barbarous,energetic,2009,folk,4.934102544847272,29,14,14
911,bury,energetic,2012,folk,6.127322973912662,37,6,6
912,breezy,energetic,2001,folk,5.171767713858642,1,1,0
913,squeal,polite,2001,pop,4.604075276461643,13,6,6
914,accidental,polite,2023,pop,4.995997126842727,16,5,5
915,valuable,polite,1995,pop,5.53785230561088,13,6,6
916,steady,polite,1972,pop,5.60722539159102,4,4,2
917,whine,polite,2013,pop,5.324788878014713,125,62,20
918,whistle,receive,2019,pop,5.391175411270654,20,10,10
919,land,receive,1991,pop,5.467699173398838,24,1,1
920,lumpy,receive,2009,pop,6.281850932244619,32,10,10
921,nondescript,receive,1974,pop,5.3831181098047525,20,1,0
922,frogs,receive,2001,pop,5.140385345807475,13,4,1
923,delight,dolls,2013,pop,5.11547505878935,4,2,0
924,embarrass,dolls,2020,pop,5.750024948582805,31,15,7
925,befitting,icy,2001,pop,6.0060182383190925,16,16,5
926,jealous,icy,1997,pop,6.369687101082918,165,165,55
927,invincible,icy,2011,pop,5.256661507314788,52,26,6
928,group,icy,2014,pop,6.131059688017535,30,15,3
929,frame,icy,2007,pop,6.019440231164076,17,1,1
930,skinny,exercise,1996,pop,4.377452324035371,4,2,2
931,animal,exercise,2016,pop,6.230224104457588,21,10,10
932,story,exercise,2000,pop,5.79449253387247,108,54,27
933,foolish,exercise,1994,pop,3.997362553756279,155,25,0
934,finicky,exercise,2010,pop,4.73726987307386,5,0,0
935,reading,exercise,2019,pop,4.810293738110847,25,3,1
936,beef,exercise,2023,pop,4.004467482678832,22,11,3
937,robin,exercise,2018,pop,6.245543560022346,56,0,0
938,cheerful,exercise,1987,pop,6.160846148670103,26,6,1
939,clear,exercise,2014,pop,4.253349317737984,8,4,4
940,selective,exercise,2019,pop,5.331917331300575,33,11,2
941,sparkling,exercise,2019,pop,6.001955767902332,8,1,0
942,lamentable,exercise,2021,pop,5.559812001111121,9,4,4
943,system,exercise,2021,pop,5.144193248531337,14,4,0
944,smooth,exercise,2003,pop,5.387051779160567,18,9,9
945,black,exercise,2014,pop,6.255777372834821,5,5,1
946,escape,exercise,2012,pop,4.740469014679451,14,4,0
947,anxious,exercise,1975,pop,4.25775542709387,33,33,0
948,mist,exercise,2006,pop,4.623210033371663,22,1,0
949,hypnotic,exercise,2022,pop,5.72644062772742,33,33,5
950,aloof,exercise,2015,pop,4.5954456428471255,34,17,17
951,five,exercise,2001,pop,5.162004026630095,9,3,1
952,skin,exercise,2010,pop,5.028163740653907,20,6,2
953,medical,exercise,1994,pop,5.830150008958018,8,8,8
954,natural,exercise,2013,pop,5.801671821709459,4,4,1
955,island,exercise,2016,pop,6.25836321339699,25,1,0
956,holiday,exercise,2019,pop,5.17857596044813,15,7,0
957,haircut,exercise,2014,pop,5.383861568956791,27,9,4
958,bag,summer,2002,rock,4.891965455896376,2,0,0
959,hair,summer,2004,rock,4.064992516140623,67,67,67
960,bike,store,2016,pop,4.968258809219403,66,3,3
961,crowded,vigorous,2020,rock,5.720157336052904,32,10,5
962,greasy,vigorous,2018,rock,5.721294479921558,34,34,11
963,smile,vigorous,2008,rock,6.303174104497465,26,3,1
964,piquant,vigorous,2017,rock,5.443978122212226,22,1,0
965,weight,vigorous,2002,rock,6.327332098576173,8,8,0
966,stew,vigorous,2009,rock,6.162096721408522,9,9,4
967,pop,vigorous,2020,rock,4.497814056600882,22,11,3
968,enchanted,vigorous,2017,rock,6.095436715685433,30,10,0
969,swing,vigorous,1995,rock,5.345613130508819,12,1,1
970,sock,vigorous,2004,rock,5.683205875010442,60,20,20
971,pastoral,vigorous,2020,rock,4.6831544000329375,27,27,9
972,grass,tramp,2005,hip hop,4.750362661484364,45,15,7
973,frail,tramp,2015,hip hop,6.375822188737694,27,9,4
974,colour,squeamish,2022,hip hop,4.5996490853678615,119,29,29
975,equal,squeamish,2021,hip hop,6.4590508539646105,33,11,3
976,chubby,squeamish,2008,hip hop,5.669117616544124,21,21,0
977,seat,squeamish,2016,hip hop,5.0856818431663635,57,19,19
978,understood,squeamish,2002,hip hop,6.183775654783638,23,11,11
979,testy,practice,2005,rock,6.433695583494751,21,21,7
980,late,trite,2015,rock,5.562989786204092,25,8,2
981,suggestion,rich,2008,pop,4.566574130881088,9,1,0
982,half,enchanted,2021,pop,4.0696573783920345,30,10,5
983,reduce,enchanted,2017,pop,4.177346361673817,29,29,29
984,interesting,enchanted,2017,pop,5.238936871036319,18,6,6
985,sweet,enchanted,2007,pop,4.251917657103407,53,17,5
986,rinse,enchanted,2010,pop,6.319123691658145,12,4,1
987,measly,alike,1974,rock,5.8622207679000855,21,10,10
988,nut,flag,2014,pop,4.084386986267965,27,9,9
989,spill,flag,1995,pop,5.780600884471344,18,18,18
990,guarded,dust,2010,hip hop,6.129301087256261,22,5,0
991,miscreant,dust,1998,hip hop,4.4988538845443875,4,1,0
992,peep,large,2022,pop,5.188469053552078,49,49,24
993,boy,large,1988,pop,5.466735345082379,13,4,1
994,cheerful,skip,2009,hip hop,6.457441800217074,10,10,0
995,peace,troubled,2001,hip hop,5.499025649857531,41,41,20
996,dynamic,frequent,2001,folk,4.408498701675071,18,18,18
997,oatmeal,frequent,2013,folk,4.492926392201681,13,6,3
998,mountain,frequent,2004,folk,5.352373116356995,21,3,3
999,wail,frequent,2020,folk,5.016114868278223,34,34,34
1000,bored,frequent,2001,folk,6.105910874617395,24,4,1
1001,advice,frequent,2015,folk,4.151999722964931,19,6,3
1002,detailed,frequent,2022,folk,4.458321496489935,18,4,2
1003,treatment,frequent,2010,folk,4.91428629400477,31,31,3
1004,soft,hammer,2011,pop,5.052311001692914,33,33,4
1005,energetic,hammer,2015,pop,3.9522171337075718,106,15,3
1006,burly,hammer,2001,pop,4.48075496257752,22,22,11
1007,zesty,hammer,2016,pop,9.468747505823817,13,6,2
1008,glass,hammer,1991,pop,8.999177863027374,31,15,7
1009,medical,hammer,2020,pop,6.707617816050325,6,3,1
1010,beef,hammer,2003,pop,6.7391864733180835,97,19,2
1011,direful,hammer,2006,pop,7.216586985434152,56,14,14
1012,omniscient,switch,2011,pop,7.600156710757844,25,25,12
1013,quarter,instrument,2006,hip hop,9.327123315631727,21,7,3
1014,color,mushy,2021,pop,7.977975191516822,32,10,10
1015,reward,abiding,2018,hip hop,8.20318957181041,25,12,12
1016,history,abiding,2009,hip hop,7.419249069843665,10,1,0
1017,silky,abiding,2007,hip hop,9.34770003727283,38,38,12
1018,zinc,abiding,2018,hip hop,17.702997577087253,64,7,7
1019,limit,abiding,2012,hip hop,15.29572895684229,12,12,6
1020,handle,unequal,1996,rock,13.607557095152071,6,2,0
